{"power":280861902.7509999871,"traffic":16463846.7851999998,"residential_scope1":19895497.769600004,"residential_scope2":80966808.901000008,"industrial":0.0,"avation":0.0,"traffic_NOx":49838.5978,"traffic_pm25":340.798,"power_pm25":0.0,"total":317221247.3057999611,"total_pm25":340.798}