{"power":1404309513.754999876,"traffic":82319233.925999999,"residential_scope1":99477488.8480000198,"residential_scope2":404834044.5050000548,"industrial":0.0,"avation":0.0,"traffic_NOx":249192.989,"traffic_pm25":1703.99,"power_pm25":0.0}