{"power":280861902.7509999871,"traffic":16463846.7851999998,"residential_scope1":19895497.769600004,"residential_scope2":80966808.901000008,"industrial":0.0,"avation":0.0,"traffic_NOx":49838.5978,"traffic_pm25":340.798,"power_pm25":0.0,"total":317221247.3057999611,"total_pm25":340.798,"total_change":0.14,"total_pm25_change":null,"power_change":0.52,"traffic_change":0.27,"residential_scope1_change":-5.06,"residential_scope2_change":1.18,"industrial_change":null,"avation_change":null,"traffic_NOx_change":0.29,"traffic_pm25_change":0.25,"power_pm25_change":null}